<environmentvariabledefinition schemaname="new_shared_sharepointonline_e8a1cf4d53094cdd91249dcf79a4f2c2">
  <apiid>/providers/microsoft.powerapps/apis/shared_sharepointonline</apiid>
  <displayname default="BA Delegation Mapping">
    <label description="BA Delegation Mapping" languagecode="1033" />
  </displayname>
  <introducedversion>1.0.0.0</introducedversion>
  <iscustomizable>1</iscustomizable>
  <isrequired>0</isrequired>
  <parameterkey>table</parameterkey>
  <parentdefinitionid>
    <schemaname>new_shared_sharepointonline_02a9a5128e8d448b9660be18a7de9c47</schemaname>
  </parentdefinitionid>
  <secretstore>0</secretstore>
  <type>100000004</type>
</environmentvariabledefinition>