<environmentvariabledefinition schemaname="new_shared_sharepointonline_cc1c96d2155c4b728d09b68b183a0fb5">
  <apiid>/providers/microsoft.powerapps/apis/shared_sharepointonline</apiid>
  <displayname default="BA User Profiles Audit">
    <label description="BA User Profiles Audit" languagecode="1033" />
  </displayname>
  <introducedversion>1.0.0.0</introducedversion>
  <iscustomizable>1</iscustomizable>
  <isrequired>0</isrequired>
  <parameterkey>table</parameterkey>
  <parentdefinitionid>
    <schemaname>new_shared_sharepointonline_02a9a5128e8d448b9660be18a7de9c47</schemaname>
  </parentdefinitionid>
  <secretstore>0</secretstore>
  <type>100000004</type>
</environmentvariabledefinition>