<environmentvariabledefinition schemaname="new_shared_sharepointonline_02a9a5128e8d448b9660be18a7de9c47">
  <apiid>/providers/microsoft.powerapps/apis/shared_sharepointonline</apiid>
  <displayname default="BuildAlong - https://mintmanagement.sharepoint.com/sites/RodTest/BuildAlong">
    <label description="BuildAlong - https://mintmanagement.sharepoint.com/sites/RodTest/BuildAlong" languagecode="1033" />
  </displayname>
  <introducedversion>1.0.0.0</introducedversion>
  <iscustomizable>1</iscustomizable>
  <isrequired>0</isrequired>
  <parameterkey>dataset</parameterkey>
  <secretstore>0</secretstore>
  <type>100000004</type>
</environmentvariabledefinition>