{"name":"a8acb475-74a7-4a97-a315-4de5b0706572","id":"/providers/Microsoft.Flow/flows/a8acb475-74a7-4a97-a315-4de5b0706572","type":"Microsoft.Flow/flows","properties":{"apiId":"/providers/Microsoft.PowerApps/apis/shared_logicflows","displayName":"BuildAlong List Creation","definition":{"metadata":{"workflowEntityId":null,"processAdvisorMetadata":null,"flowChargedByPaygo":null,"flowclientsuspensionreason":"None","flowclientsuspensiontime":null,"flowclientsuspensionreasondetails":null,"creator":{"id":"aa94101c-b192-40bc-8fc5-96870bc8a9e7","type":"User","tenantId":"71c09ea3-0c98-464b-af14-ba1d8503b949"},"provisioningMethod":"FromDefinition","failureAlertSubscription":true,"clientLastModifiedTime":"2024-02-07T11:43:40.6882206Z","connectionKeySavedTimeKey":"2024-02-07T11:43:24.5015783Z"},"$schema":"https://schema.management.azure.com/providers/Microsoft.Logic/schemas/2016-06-01/workflowdefinition.json#","contentVersion":"undefined","parameters":{"$connections":{"defaultValue":{},"type":"Object"},"$authentication":{"defaultValue":{},"type":"SecureObject"}},"triggers":{"manual":{"metadata":{"operationMetadataId":"75656035-37c2-47bf-a5fc-1f594ce4cf64"},"type":"Request","kind":"Button","inputs":{"schema":{"type":"object","properties":{"text":{"description":"Please enter your input","title":"Site","type":"string","x-ms-content-hint":"TEXT","x-ms-dynamically-added":true},"text_1":{"description":"Please enter your input","title":"JSON","type":"string","x-ms-content-hint":"TEXT","x-ms-dynamically-added":true}},"required":["text","text_1"]}}}},"actions":{"Parse_JSON":{"runAfter":{},"metadata":{"operationMetadataId":"3b47539a-2aef-45c1-a1bc-3daf474f1ea1"},"type":"ParseJson","inputs":{"content":"@triggerBody()?['text_1']","schema":{"type":"object","properties":{"Lists":{"type":"array","items":{"type":"object","properties":{"ListTitle":{"type":"string"},"Description":{"type":"string"},"Columns":{"type":"array","items":{"type":"object","properties":{"FieldTypeKind":{"type":"integer"},"Title":{"type":"string"}},"required":["FieldTypeKind","Title"]}}},"required":["ListTitle","Description","Columns"]}}}}}},"Apply_to_each":{"foreach":"@body('Parse_JSON')?['Lists']","actions":{"Send_an_HTTP_request_to_SharePoint":{"runAfter":{},"metadata":{"operationMetadataId":"d674a076-3430-486b-850c-bde44feb8cf8"},"type":"OpenApiConnection","inputs":{"host":{"apiId":"/providers/Microsoft.PowerApps/apis/shared_sharepointonline","connectionName":"shared_sharepointonline","operationId":"HttpRequest"},"parameters":{"dataset":"@triggerBody()?['text']","parameters/method":"POST","parameters/uri":"_api/web/lists","parameters/headers":{"Accept":"applicaiton/json;odata=verbose","Content-Type":"application/json"},"parameters/body":"{\n\"AllowContentTypes\": true,\n\"BaseTemplate\": 100,\n\"ContentTypesEnabled\": true,\n\"Description\": \"@{items('Apply_to_each')?['Description']}\",\n\"Title\": \"@{items('Apply_to_each')?['ListTitle']}\"\n}"},"authentication":{"value":"@json(decodeBase64(triggerOutputs().headers['X-MS-APIM-Tokens']))['$ConnectionKey']","type":"Raw"}}},"Apply_to_each_2":{"foreach":"@items('Apply_to_each')['Columns']","actions":{"Send_an_HTTP_request_to_SharePoint_2":{"runAfter":{},"metadata":{"operationMetadataId":"c61c1d99-af3b-4f63-adbb-15b74be15898"},"type":"OpenApiConnection","inputs":{"host":{"apiId":"/providers/Microsoft.PowerApps/apis/shared_sharepointonline","connectionName":"shared_sharepointonline","operationId":"HttpRequest"},"parameters":{"dataset":"@triggerBody()['text']","parameters/method":"POST","parameters/uri":"_api/lists/getbyTitle('@{items('Apply_to_each')?['ListTitle']}')/fields","parameters/headers":{"content-type":"application/json;odata=verbose","accept":"application/json;odata=verbose"},"parameters/body":"{\n  '__metadata': {'type':'SP.FieldText'},\n  'FieldTypeKind': @{items('Apply_to_each_2')?['FieldTypeKind']},\n  'Title': '@{items('Apply_to_each_2')?['Title']}',\n  'StaticName': '@{items('Apply_to_each_2')?['Title']}'\n}"},"authentication":{"value":"@json(decodeBase64(triggerOutputs().headers['X-MS-APIM-Tokens']))['$ConnectionKey']","type":"Raw"}}}},"runAfter":{"Send_an_HTTP_request_to_SharePoint":["Succeeded"]},"metadata":{"operationMetadataId":"9dbf720f-0881-4380-b274-7d66640b5032"},"type":"Foreach"}},"runAfter":{"Parse_JSON":["Succeeded"]},"metadata":{"operationMetadataId":"c2285e71-542b-4027-9277-25210b028f4a"},"type":"Foreach"}}},"connectionReferences":{"shared_sharepointonline":{"connectionName":"5c05548bebd14ca9ad70b4ab1239375c","source":"Invoker","id":"/providers/Microsoft.PowerApps/apis/shared_sharepointonline","tier":"NotSpecified"}},"flowFailureAlertSubscribed":false,"isManaged":false}}